Name,Email,Username,Phone,Age,Address
Judith,Aliyah.Davis-Daniel@yahoo.com,Valerie.Bahringer10,796-859-7050 x8844,68,Malta
Francesco,Mable_Walsh-Klocko26@gmail.com,Dulce_Will48,691-380-8466 x864,78,South Sudan
Jane,Jesse_Haley21@yahoo.com,Melissa_Stokes,1-882-821-8632 x480,20,Equatorial Guinea
Blanca,Maxine_Haag@gmail.com,Joaquin_Johns48,490.796.6871 x2472,31,United Kingdom
Trevion,Stuart99@gmail.com,Kory.Greenfelder,(556) 704-7130 x534,39,Iraq
Donald,Rosalind_Smitham@hotmail.com,Berta_Zemlak,(548) 871-0239 x35122,34,Indonesia
Geraldine,Jenna.Hegmann34@hotmail.com,Donnie_Toy16,518-951-6590 x226,20,Honduras
Edgar,Kyle_McClure@hotmail.com,Joanne.Watsica56,379-290-2470 x997,55,Mauritius
Christophe,Magnus_Feest9@hotmail.com,Monserrate.Mosciski20,(529) 570-9560 x0370,30,Seychelles
Jeannette,Ernie51@hotmail.com,Sherri16,1-586-874-5998 x32979,29,Tuvalu
Hortense,Sasha.Jones19@yahoo.com,Noel.Cassin45,863-567-3657 x410,42,Greenland
Grayson,Clifton92@hotmail.com,Hortense_Bashirian,1-800-960-7519 x302,96,Israel
Mitchell,Hailee.Bergnaum28@gmail.com,Rebecca.Homenick,1-499-352-6246 x26382,26,Bangladesh
Cheyanne,Merle12@yahoo.com,Leah18,(438) 259-8853 x16931,45,Saint Barthélemy
Gideon,Bernice57@hotmail.com,Sergio75,309-409-9047 x4009,65,Pitcairn Islands
Keenan,Pansy.Goodwin@yahoo.com,Edythe_Purdy88,(387) 391-2261 x31515,78,Algeria
Erick,Jeanie.Cummerata62@hotmail.com,Catherine_Kerluke29,(555) 202-6987,49,Hong Kong
Joe,Linda_Rempel@yahoo.com,Marielle95,622.692.3024,26,Congo
Gerard,Milton_Davis@gmail.com,Dean54,953-441-5897,23,Paraguay
Abel,Ira57@yahoo.com,Heloise82,233-214-0381,93,New Caledonia
